[{"model": "sponsors.sponsorshippackage", "pk": 1, "fields": {"order": 0, "name": "Principal", "sponsorship_amount": 150000}}, {"model": "sponsors.sponsorshippackage", "pk": 2, "fields": {"order": 1, "name": "Diamond", "sponsorship_amount": 70000}}, {"model": "sponsors.sponsorshippackage", "pk": 3, "fields": {"order": 2, "name": "Platinum", "sponsorship_amount": 50000}}, {"model": "sponsors.sponsorshippackage", "pk": 4, "fields": {"order": 3, "name": "Gold", "sponsorship_amount": 25000}}, {"model": "sponsors.sponsorshippackage", "pk": 5, "fields": {"order": 4, "name": "Silver", "sponsorship_amount": 10000}}, {"model": "sponsors.sponsorshippackage", "pk": 6, "fields": {"order": 5, "name": "Bronze", "sponsorship_amount": 5000}}, {"model": "sponsors.sponsorshippackage", "pk": 7, "fields": {"order": 6, "name": "Copper", "sponsorship_amount": 2500}}, {"model": "sponsors.sponsorshipprogram", "pk": 1, "fields": {"order": 0, "name": "Foundation", "description": ""}}, {"model": "sponsors.sponsorshipprogram", "pk": 2, "fields": {"order": 1, "name": "PyCon", "description": ""}}, {"model": "sponsors.sponsorshipprogram", "pk": 3, "fields": {"order": 2, "name": "PyPI", "description": ""}}, {"model": "sponsors.sponsorshipbenefit", "pk": 28, "fields": {"order": 27, "name": "Logo in a prominent position on the PyPI project detail page", "description": "", "program": 3, "package_only": true, "new": false, "internal_description": "", "internal_value": 25000, "capacity": null, "soft_capacity": false, "packages": [1, 2], "conflicts": [40, 41, 42]}}, {"model": "sponsors.sponsorshipbenefit", "pk": 29, "fields": {"order": 28, "name": "Logo on the PyPI footer", "description": "", "program": 3, "package_only": true, "new": false, "internal_description": "", "internal_value": 10000, "capacity": null, "soft_capacity": false, "packages": [1, 2, 3, 4], "conflicts": []}}, {"model": "sponsors.sponsorshipbenefit", "pk": 30, "fields": {"order": 29, "name": "Logo and write up on the PyPI sponsors page", "description": "", "program": 3, "package_only": true, "new": false, "internal_description": "", "internal_value": 5000, "capacity": null, "soft_capacity": false, "packages": [1, 2, 3, 4], "conflicts": [35]}}, {"model": "sponsors.sponsorshipbenefit", "pk": 31, "fields": {"order": 30, "name": "Individual blog post on the Python Software Foundation blog", "description": "", "program": 3, "package_only": true, "new": false, "internal_description": "", "internal_value": 5000, "capacity": null, "soft_capacity": false, "packages": [1, 2], "conflicts": [34]}}, {"model": "sponsors.sponsorshipbenefit", "pk": 32, "fields": {"order": 31, "name": "Quarterly thank you tweet from @ThePSF", "description": "", "program": 3, "package_only": true, "new": false, "internal_description": "", "internal_value": 2500, "capacity": null, "soft_capacity": false, "packages": [1, 2, 3], "conflicts": [36, 39]}}, {"model": "sponsors.sponsorshipbenefit", "pk": 33, "fields": {"order": 32, "name": "Quarterly thank you tweet from @pypi", "description": "", "program": 3, "package_only": true, "new": false, "internal_description": "", "internal_value": 2500, "capacity": null, "soft_capacity": false, "packages": [1, 2, 3], "conflicts": [37, 38]}}, {"model": "sponsors.sponsorshipbenefit", "pk": 34, "fields": {"order": 35, "name": "Inclusion in a blog post on the Python Software Foundation blog,", "description": "", "program": 3, "package_only": false, "new": false, "internal_description": null, "internal_value": 2500, "capacity": null, "soft_capacity": false, "packages": [3, 4, 5], "conflicts": [31]}}, {"model": "sponsors.sponsorshipbenefit", "pk": 35, "fields": {"order": 36, "name": "Logo on the PyPI sponsors page", "description": "", "program": 3, "package_only": false, "new": false, "internal_description": null, "internal_value": 1500, "capacity": null, "soft_capacity": false, "packages": [5, 6], "conflicts": [30]}}, {"model": "sponsors.sponsorshipbenefit", "pk": 36, "fields": {"order": 38, "name": "Bi-yearly thank you tweet from @ThePSF", "description": "", "program": 3, "package_only": false, "new": false, "internal_description": null, "internal_value": 1000, "capacity": null, "soft_capacity": false, "packages": [5], "conflicts": [32, 39]}}, {"model": "sponsors.sponsorshipbenefit", "pk": 37, "fields": {"order": 39, "name": "Bi-yearly thank you tweet from @pypi", "description": "", "program": 3, "package_only": false, "new": false, "internal_description": null, "internal_value": 1000, "capacity": null, "soft_capacity": false, "packages": [5], "conflicts": [33, 38]}}, {"model": "sponsors.sponsorshipbenefit", "pk": 38, "fields": {"order": 40, "name": "Single thank you tweet from @pypi Twitter account (on initial", "description": "", "program": 3, "package_only": false, "new": false, "internal_description": null, "internal_value": 500, "capacity": null, "soft_capacity": false, "packages": [6], "conflicts": [33, 37]}}, {"model": "sponsors.sponsorshipbenefit", "pk": 39, "fields": {"order": 41, "name": "Single thank you tweet from @ThePSF Twitter account (on initial", "description": "", "program": 3, "package_only": false, "new": false, "internal_description": null, "internal_value": 500, "capacity": null, "soft_capacity": false, "packages": [6], "conflicts": [32, 36]}}, {"model": "sponsors.sponsorshipbenefit", "pk": 40, "fields": {"order": 33, "name": "Logo on high rotation in a prominent position on the PyPI projec", "description": "", "program": 3, "package_only": false, "new": false, "internal_description": "", "internal_value": 10000, "capacity": null, "soft_capacity": false, "packages": [3], "conflicts": [28, 41, 42]}}, {"model": "sponsors.sponsorshipbenefit", "pk": 41, "fields": {"order": 34, "name": "Logo on medium rotation in a prominent position on the PyPI proj", "description": "", "program": 3, "package_only": false, "new": false, "internal_description": null, "internal_value": 5000, "capacity": null, "soft_capacity": false, "packages": [4], "conflicts": [28, 40, 42]}}, {"model": "sponsors.sponsorshipbenefit", "pk": 42, "fields": {"order": 37, "name": "Logo on low rotation in a prominent position on the PyPI project", "description": "", "program": 3, "package_only": false, "new": false, "internal_description": null, "internal_value": 1000, "capacity": null, "soft_capacity": false, "packages": [5], "conflicts": [28, 40, 41]}}, {"model": "sponsors.sponsorshipbenefit", "pk": 43, "fields": {"order": 0, "name": "Plenary address", "description": "Three minutes, recorded or live", "program": 2, "package_only": true, "new": false, "internal_description": "", "internal_value": 9500, "capacity": 4, "soft_capacity": false, "packages": [1], "conflicts": []}}, {"model": "sponsors.sponsorshipbenefit", "pk": 44, "fields": {"order": 1, "name": "Logo on conference welcome page", "description": "Visible to all registered attendees attending PyCon", "program": 2, "package_only": false, "new": false, "internal_description": "", "internal_value": 4000, "capacity": 4, "soft_capacity": true, "packages": [1], "conflicts": []}}, {"model": "sponsors.sponsorshipbenefit", "pk": 45, "fields": {"order": 2, "name": "Inclusion in pre-conference attendee email", "description": "Inclusion in 1 pre-conference attendee email. 2 emails are sent by PyCon staff and are shared with registered attendees only. This cannot be linked to commercial sites. Can be jobs, blogs, events, but not sales related", "program": 2, "package_only": true, "new": false, "internal_description": "", "internal_value": 4000, "capacity": 8, "soft_capacity": false, "packages": [1, 2], "conflicts": []}}, {"model": "sponsors.sponsorshipbenefit", "pk": 46, "fields": {"order": 3, "name": "Post Survey Question", "description": "Opportunity to add 1 question to the post event attendee survey. Follow-up reporting will be provided with survey results. NEW FOR 2021", "program": 2, "package_only": false, "new": false, "internal_description": "", "internal_value": 1000, "capacity": 8, "soft_capacity": true, "packages": [1, 2], "conflicts": []}}, {"model": "sponsors.sponsorshipbenefit", "pk": 47, "fields": {"order": 4, "name": "PyCon Blog Post", "description": "Originally written post highlighting use of Python", "program": 2, "package_only": true, "new": false, "internal_description": "", "internal_value": 1500, "capacity": 4, "soft_capacity": false, "packages": [1], "conflicts": []}}, {"model": "sponsors.sponsorshipbenefit", "pk": 48, "fields": {"order": 5, "name": "Track naming rights", "description": "Name and logo rights for one of the PyCon talk tracks", "program": 2, "package_only": false, "new": false, "internal_description": "", "internal_value": 2000, "capacity": 4, "soft_capacity": false, "packages": [1], "conflicts": []}}, {"model": "sponsors.sponsorshipbenefit", "pk": 49, "fields": {"order": 6, "name": "Sponsor Workshop", "description": "\"Sponsor workshop (recording or live) added to schedule.\r\nRecording added to the PyCon YouTube channel\"", "program": 2, "package_only": false, "new": false, "internal_description": "", "internal_value": 5000, "capacity": 8, "soft_capacity": true, "packages": [1, 2], "conflicts": []}}, {"model": "sponsors.sponsorshipbenefit", "pk": 50, "fields": {"order": 7, "name": "Retweet from @ThePSF", "description": "Social Media Retweet: @thePSF will retweet 1 post provided by the sponsor. Timing will be determined by the PyCon team.", "program": 2, "package_only": false, "new": true, "internal_description": "", "internal_value": 1500, "capacity": 8, "soft_capacity": false, "packages": [1, 2], "conflicts": []}}, {"model": "sponsors.sponsorshipbenefit", "pk": 51, "fields": {"order": 8, "name": "Sponsor slide between PyCon sessions", "description": "All assets will be rotated. This could be a static slide or a short recording similar to a commercial", "program": 2, "package_only": false, "new": false, "internal_description": "", "internal_value": 3000, "capacity": 8, "soft_capacity": true, "packages": [1, 2], "conflicts": []}}, {"model": "sponsors.sponsorshipbenefit", "pk": 52, "fields": {"order": 9, "name": "Mention in the PyCon Newsletter", "description": "Newsletter is sent ~5 times and goes to us.pycon.org account holders.", "program": 2, "package_only": true, "new": false, "internal_description": "Principal x 3\r\nDiamond x 2\r\nPlatinum x 1", "internal_value": 2000, "capacity": null, "soft_capacity": false, "packages": [1, 2, 3], "conflicts": []}}, {"model": "sponsors.sponsorshipbenefit", "pk": 53, "fields": {"order": 10, "name": "Virtual Booth", "description": "live, demos, chat, interviews, Participate in Virtual \u201cSwag Bag\u201d, whatever", "program": 2, "package_only": true, "new": false, "internal_description": "", "internal_value": 10000, "capacity": null, "soft_capacity": false, "packages": [1, 2, 3, 4, 5], "conflicts": []}}, {"model": "sponsors.sponsorshipbenefit", "pk": 54, "fields": {"order": 11, "name": "Meet with the Steering Council", "description": "Opportunity to meet with the Steering Council to discuss technical aspects of Python or feedback you may have for the Steering Council. The health and sustainability of Python is critical to many organizations and we want to make sure community needs are heard and noted.", "program": 1, "package_only": true, "new": true, "internal_description": "", "internal_value": 9500, "capacity": 4, "soft_capacity": true, "packages": [1], "conflicts": []}}, {"model": "sponsors.sponsorshipbenefit", "pk": 55, "fields": {"order": 12, "name": "Meet with the PSF Board of Directors", "description": "Opportunity to meet with the PSF Board of Directors to discuss a topic of your choosing. The health and sustainability of our community is important to many organizations and we want to make sure community needs are heard and noted.", "program": 1, "package_only": false, "new": true, "internal_description": "", "internal_value": 5000, "capacity": 4, "soft_capacity": true, "packages": [1], "conflicts": []}}, {"model": "sponsors.sponsorshipbenefit", "pk": 56, "fields": {"order": 13, "name": "Four Ads in the PSF Newsletter", "description": "4 ads throughout the year, newsletter is published every other month", "program": 1, "package_only": false, "new": false, "internal_description": "", "internal_value": 7000, "capacity": 4, "soft_capacity": true, "packages": [1], "conflicts": [60]}}, {"model": "sponsors.sponsorshipbenefit", "pk": 57, "fields": {"order": 14, "name": "Blog and Social Media Community Visibility", "description": "1 original blog post on the PSF blog highlighting sponsor\u2019s use of Python. Quarterly social media thank you of your sponsorship via @ThePSF", "program": 1, "package_only": false, "new": false, "internal_description": "", "internal_value": 2500, "capacity": 4, "soft_capacity": true, "packages": [1], "conflicts": [61]}}, {"model": "sponsors.sponsorshipbenefit", "pk": 58, "fields": {"order": 15, "name": "docs.python.org recognition", "description": "Logo listed on docs.python.org pages for one year", "program": 1, "package_only": false, "new": false, "internal_description": "", "internal_value": 2500, "capacity": 4, "soft_capacity": true, "packages": [1], "conflicts": []}}, {"model": "sponsors.sponsorshipbenefit", "pk": 59, "fields": {"order": 17, "name": "Logo Listed on PSF blog", "description": "Logo will be placed in the header and visible for one year", "program": 1, "package_only": false, "new": false, "internal_description": "", "internal_value": 2000, "capacity": 8, "soft_capacity": true, "packages": [1, 2], "conflicts": []}}, {"model": "sponsors.sponsorshipbenefit", "pk": 60, "fields": {"order": 18, "name": "Two Ads in the PSF Newsletter", "description": "2 ads throughout the year, newsletter is published every other month", "program": 1, "package_only": false, "new": false, "internal_description": "", "internal_value": 5000, "capacity": 4, "soft_capacity": true, "packages": [2], "conflicts": [56]}}, {"model": "sponsors.sponsorshipbenefit", "pk": 61, "fields": {"order": 19, "name": "Social Media Community Visibility 3/yr", "description": "Social media promotion 3 times/year of your sponsorship via @ThePSF", "program": 1, "package_only": false, "new": false, "internal_description": "", "internal_value": 2000, "capacity": 4, "soft_capacity": true, "packages": [2], "conflicts": [57]}}, {"model": "sponsors.sponsorshipbenefit", "pk": 62, "fields": {"order": 20, "name": "Social Media Community Visibility 2/yr", "description": "Bi-annual social media promotion of your sponsorship via @ThePSF", "program": 1, "package_only": false, "new": false, "internal_description": "", "internal_value": 1500, "capacity": 8, "soft_capacity": true, "packages": [3], "conflicts": []}}, {"model": "sponsors.sponsorshipbenefit", "pk": 63, "fields": {"order": 16, "name": "jobs.python.org support", "description": "logo listed jobs.python.org for one year", "program": 1, "package_only": false, "new": false, "internal_description": "", "internal_value": 1000, "capacity": 8, "soft_capacity": true, "packages": [2, 3], "conflicts": []}}, {"model": "sponsors.sponsorshipbenefit", "pk": 64, "fields": {"order": 21, "name": "Logo on python.org sponsors page", "description": "listed in order of level", "program": 1, "package_only": false, "new": false, "internal_description": "", "internal_value": 1000, "capacity": null, "soft_capacity": false, "packages": [1, 2, 3, 4, 5, 6, 7], "conflicts": []}}, {"model": "sponsors.sponsorshipbenefit", "pk": 65, "fields": {"order": 22, "name": "Level supporter badge", "description": "Can be placed on your website, social media promotion, and/or at events", "program": 1, "package_only": false, "new": false, "internal_description": "", "internal_value": 1000, "capacity": null, "soft_capacity": false, "packages": [1, 2, 3, 4, 5, 6, 7], "conflicts": []}}, {"model": "sponsors.sponsorshipbenefit", "pk": 66, "fields": {"order": 23, "name": "Promotion of Python case study", "description": "Any case studies posted on python.org will get promoted on social media and community mailing lists", "program": 1, "package_only": true, "new": false, "internal_description": "", "internal_value": null, "capacity": null, "soft_capacity": false, "packages": [1, 2, 3, 4, 5, 6, 7], "conflicts": []}}, {"model": "sponsors.sponsor", "pk": 4, "fields": {"created": "2014-02-20T00:39:19.959Z", "updated": "2014-02-20T00:41:17.426Z", "creator": 29, "last_modified_by": 29, "company": 3, "content": "", "content_markup_type": "restructuredtext", "is_published": true, "_content_rendered": "", "featured": false}}]