[{"model": "sponsors.sponsorshiplevel", "pk": 1, "fields": {"order": 0, "name": "Principal", "sponsorship_amount": 150000}}, {"model": "sponsors.sponsorshiplevel", "pk": 2, "fields": {"order": 1, "name": "Diamond", "sponsorship_amount": 70000}}, {"model": "sponsors.sponsorshiplevel", "pk": 3, "fields": {"order": 2, "name": "Platinum", "sponsorship_amount": 50000}}, {"model": "sponsors.sponsorshiplevel", "pk": 4, "fields": {"order": 3, "name": "Gold", "sponsorship_amount": 25000}}, {"model": "sponsors.sponsorshiplevel", "pk": 5, "fields": {"order": 4, "name": "Silver", "sponsorship_amount": 10000}}, {"model": "sponsors.sponsorshiplevel", "pk": 6, "fields": {"order": 5, "name": "Bronze", "sponsorship_amount": 5000}}, {"model": "sponsors.sponsorshiplevel", "pk": 7, "fields": {"order": 6, "name": "Copper", "sponsorship_amount": 2500}}, {"model": "sponsors.sponsorshipprogram", "pk": 1, "fields": {"order": 0, "name": "Foundation", "description": ""}}, {"model": "sponsors.sponsorshipprogram", "pk": 2, "fields": {"order": 1, "name": "PyCon", "description": ""}}, {"model": "sponsors.sponsorshipprogram", "pk": 3, "fields": {"order": 2, "name": "PyPI", "description": ""}}, {"model": "sponsors.sponsorshipbenefit", "pk": 1, "fields": {"order": 0, "name": "Opportunity to meet with the Steering Council to discuss technic", "description": "", "program": 1, "minimum_level": 1, "internal_description": null, "internal_value": 20000, "capacity": null, "levels": [1], "conflicts": []}}, {"model": "sponsors.sponsorshipbenefit", "pk": 2, "fields": {"order": 1, "name": "Opportunity to meet with the PSF Board of Directors to discuss a", "description": "", "program": 1, "minimum_level": 1, "internal_description": null, "internal_value": 15000, "capacity": null, "levels": [1], "conflicts": []}}, {"model": "sponsors.sponsorshipbenefit", "pk": 3, "fields": {"order": 2, "name": "Mention(s) in the PSF Newsletter", "description": "", "program": 1, "minimum_level": 1, "internal_description": null, "internal_value": 10000, "capacity": null, "levels": [1], "conflicts": [6]}}, {"model": "sponsors.sponsorshipbenefit", "pk": 4, "fields": {"order": 3, "name": "Original blog post on the PSF blog", "description": "", "program": 1, "minimum_level": 1, "internal_description": null, "internal_value": 10000, "capacity": null, "levels": [1], "conflicts": []}}, {"model": "sponsors.sponsorshipbenefit", "pk": 5, "fields": {"order": 4, "name": "Social media promotion (4 per year) of your sponsorship via @The", "description": "", "program": 1, "minimum_level": 2, "internal_description": null, "internal_value": 3000, "capacity": null, "levels": [1, 2], "conflicts": [7, 8, 13]}}, {"model": "sponsors.sponsorshipbenefit", "pk": 6, "fields": {"order": 5, "name": "Mention in the PSF Newsletter", "description": "", "program": 1, "minimum_level": 2, "internal_description": null, "internal_value": 5000, "capacity": null, "levels": [2], "conflicts": [3]}}, {"model": "sponsors.sponsorshipbenefit", "pk": 7, "fields": {"order": 6, "name": "Social media promotion (3 per year) of your sponsorship via @The", "description": "", "program": 1, "minimum_level": 3, "internal_description": null, "internal_value": 1500, "capacity": null, "levels": [3], "conflicts": [5, 8, 13]}}, {"model": "sponsors.sponsorshipbenefit", "pk": 8, "fields": {"order": 7, "name": "Social media promotion (2 per year) of your sponsorship via @The", "description": "", "program": 1, "minimum_level": 4, "internal_description": null, "internal_value": 500, "capacity": null, "levels": [4], "conflicts": [5, 7, 13]}}, {"model": "sponsors.sponsorshipbenefit", "pk": 9, "fields": {"order": 8, "name": "Sponsor designation & listing on the PSF websites", "description": "", "program": 1, "minimum_level": null, "internal_description": null, "internal_value": 1000, "capacity": null, "levels": [1, 2, 3, 4, 5, 6, 7], "conflicts": []}}, {"model": "sponsors.sponsorshipbenefit", "pk": 10, "fields": {"order": 9, "name": "Level supporter badge for your website", "description": "", "program": 1, "minimum_level": null, "internal_description": null, "internal_value": 500, "capacity": null, "levels": [1, 2, 3, 4, 5, 6, 7], "conflicts": []}}, {"model": "sponsors.sponsorshipbenefit", "pk": 11, "fields": {"order": 10, "name": "Python case study posted on python.org and promoted", "description": "", "program": 1, "minimum_level": null, "internal_description": null, "internal_value": 1000, "capacity": null, "levels": [1, 2, 3, 4, 5, 6, 7], "conflicts": []}}, {"model": "sponsors.sponsorshipbenefit", "pk": 12, "fields": {"order": 11, "name": "Job listing(s) on the PSF Job Board", "description": "", "program": 1, "minimum_level": null, "internal_description": null, "internal_value": 1000, "capacity": null, "levels": [1, 2, 3, 4, 5, 6, 7], "conflicts": []}}, {"model": "sponsors.sponsorshipbenefit", "pk": 13, "fields": {"order": 12, "name": "Social media promotion (1 per year) of your sponsorship via @The", "description": "", "program": 1, "minimum_level": 6, "internal_description": null, "internal_value": 100, "capacity": null, "levels": [5, 6], "conflicts": [5, 7, 8]}}, {"model": "sponsors.sponsorshipbenefit", "pk": 14, "fields": {"order": 13, "name": "Recorded \"Welcome to PyCon\" video", "description": "Three minute recorded video welcoming attendees to PyCon", "program": 2, "minimum_level": 1, "internal_description": null, "internal_value": 20000, "capacity": null, "levels": [1], "conflicts": []}}, {"model": "sponsors.sponsorshipbenefit", "pk": 15, "fields": {"order": 14, "name": "Inclusion in (1) pre-conference attendee email to be sent by the", "description": "", "program": 2, "minimum_level": 1, "internal_description": null, "internal_value": 10000, "capacity": null, "levels": [1], "conflicts": []}}, {"model": "sponsors.sponsorshipbenefit", "pk": 16, "fields": {"order": 15, "name": "Opportunity to add (1) question to the post event attendee surve", "description": "", "program": 2, "minimum_level": 1, "internal_description": null, "internal_value": 10000, "capacity": null, "levels": [1], "conflicts": []}}, {"model": "sponsors.sponsorshipbenefit", "pk": 17, "fields": {"order": 16, "name": "Original blog post on the PyCon blog", "description": "", "program": 2, "minimum_level": 1, "internal_description": null, "internal_value": 10000, "capacity": null, "levels": [1], "conflicts": []}}, {"model": "sponsors.sponsorshipbenefit", "pk": 18, "fields": {"order": 17, "name": "Sponsor workshop (recording provided by sponsor) added to schedu", "description": "", "program": 2, "minimum_level": 2, "internal_description": null, "internal_value": 10000, "capacity": null, "levels": [1, 2], "conflicts": []}}, {"model": "sponsors.sponsorshipbenefit", "pk": 19, "fields": {"order": 18, "name": "Social Media Retweet: @thePSF will retweet (1) post provided by", "description": "", "program": 2, "minimum_level": 2, "internal_description": null, "internal_value": 5000, "capacity": null, "levels": [1, 2], "conflicts": []}}, {"model": "sponsors.sponsorshipbenefit", "pk": 20, "fields": {"order": 19, "name": "Sponsor slide (rotated) between PyCon sessions", "description": "", "program": 2, "minimum_level": 3, "internal_description": null, "internal_value": 10000, "capacity": null, "levels": [1, 2, 3], "conflicts": []}}, {"model": "sponsors.sponsorshipbenefit", "pk": 21, "fields": {"order": 20, "name": "Demo/video (provided by sponsor) listed in the conference schedu", "description": "", "program": 2, "minimum_level": 3, "internal_description": null, "internal_value": 10000, "capacity": null, "levels": [1, 2, 3], "conflicts": []}}, {"model": "sponsors.sponsorshipbenefit", "pk": 22, "fields": {"order": 21, "name": "Virtual Expo Hall Booth", "description": "", "program": 2, "minimum_level": 4, "internal_description": null, "internal_value": 5000, "capacity": null, "levels": [1, 2, 3, 4], "conflicts": []}}, {"model": "sponsors.sponsorshipbenefit", "pk": 23, "fields": {"order": 22, "name": "Chat function - opportunity to schedule one-on-one appointments/", "description": "", "program": 2, "minimum_level": 4, "internal_description": null, "internal_value": 5000, "capacity": null, "levels": [1, 2, 3, 4], "conflicts": []}}, {"model": "sponsors.sponsorshipbenefit", "pk": 24, "fields": {"order": 23, "name": "Virtual \"Swag Bag\"", "description": "", "program": 2, "minimum_level": 4, "internal_description": null, "internal_value": 2500, "capacity": null, "levels": [1, 2, 3, 4], "conflicts": []}}, {"model": "sponsors.sponsorshipbenefit", "pk": 25, "fields": {"order": 24, "name": "PyCon Website Listing", "description": "", "program": 2, "minimum_level": 6, "internal_description": null, "internal_value": 2500, "capacity": null, "levels": [1, 2, 3, 4, 5, 6], "conflicts": []}}, {"model": "sponsors.sponsorshipbenefit", "pk": 26, "fields": {"order": 25, "name": "Social media promotion of your sponsorship", "description": "", "program": 2, "minimum_level": 6, "internal_description": null, "internal_value": 1000, "capacity": null, "levels": [1, 2, 3, 4, 5, 6], "conflicts": []}}, {"model": "sponsors.sponsorshipbenefit", "pk": 27, "fields": {"order": 26, "name": "Job listing(s) on the PyCon Job Fair page", "description": "", "program": 2, "minimum_level": 6, "internal_description": null, "internal_value": 500, "capacity": null, "levels": [1, 2, 3, 4, 5, 6], "conflicts": []}}, {"model": "sponsors.sponsorshipbenefit", "pk": 28, "fields": {"order": 27, "name": "Logo in a prominent position on the PyPI project detail page", "description": "", "program": 3, "minimum_level": 2, "internal_description": null, "internal_value": 25000, "capacity": null, "levels": [1, 2], "conflicts": [40, 41, 42]}}, {"model": "sponsors.sponsorshipbenefit", "pk": 29, "fields": {"order": 28, "name": "Logo on the PyPI footer", "description": "", "program": 3, "minimum_level": 4, "internal_description": null, "internal_value": 10000, "capacity": null, "levels": [1, 2, 3, 4], "conflicts": []}}, {"model": "sponsors.sponsorshipbenefit", "pk": 30, "fields": {"order": 29, "name": "Logo and write up on the PyPI sponsors page", "description": "", "program": 3, "minimum_level": 4, "internal_description": null, "internal_value": 5000, "capacity": null, "levels": [1, 2, 3, 4], "conflicts": [35]}}, {"model": "sponsors.sponsorshipbenefit", "pk": 31, "fields": {"order": 30, "name": "Individual blog post on the Python Software Foundation blog", "description": "", "program": 3, "minimum_level": 2, "internal_description": null, "internal_value": 5000, "capacity": null, "levels": [1, 2], "conflicts": [34]}}, {"model": "sponsors.sponsorshipbenefit", "pk": 32, "fields": {"order": 31, "name": "Quarterly thank you tweet from @ThePSF", "description": "", "program": 3, "minimum_level": 3, "internal_description": null, "internal_value": 2500, "capacity": null, "levels": [1, 2, 3], "conflicts": [36, 39]}}, {"model": "sponsors.sponsorshipbenefit", "pk": 33, "fields": {"order": 32, "name": "Quarterly thank you tweet from @pypi", "description": "", "program": 3, "minimum_level": 3, "internal_description": null, "internal_value": 2500, "capacity": null, "levels": [1, 2, 3], "conflicts": [37, 38]}}, {"model": "sponsors.sponsorshipbenefit", "pk": 34, "fields": {"order": 35, "name": "Inclusion in a blog post on the Python Software Foundation blog,", "description": "", "program": 3, "minimum_level": 5, "internal_description": null, "internal_value": 2500, "capacity": null, "levels": [3, 4, 5], "conflicts": [31]}}, {"model": "sponsors.sponsorshipbenefit", "pk": 35, "fields": {"order": 36, "name": "Logo on the PyPI sponsors page", "description": "", "program": 3, "minimum_level": 6, "internal_description": null, "internal_value": 1500, "capacity": null, "levels": [5, 6], "conflicts": [30]}}, {"model": "sponsors.sponsorshipbenefit", "pk": 36, "fields": {"order": 38, "name": "Bi-yearly thank you tweet from @ThePSF", "description": "", "program": 3, "minimum_level": 5, "internal_description": null, "internal_value": 1000, "capacity": null, "levels": [5], "conflicts": [32, 39]}}, {"model": "sponsors.sponsorshipbenefit", "pk": 37, "fields": {"order": 39, "name": "Bi-yearly thank you tweet from @pypi", "description": "", "program": 3, "minimum_level": 5, "internal_description": null, "internal_value": 1000, "capacity": null, "levels": [5], "conflicts": [33, 38]}}, {"model": "sponsors.sponsorshipbenefit", "pk": 38, "fields": {"order": 40, "name": "Single thank you tweet from @pypi Twitter account (on initial", "description": "", "program": 3, "minimum_level": 6, "internal_description": null, "internal_value": 500, "capacity": null, "levels": [6], "conflicts": [33, 37]}}, {"model": "sponsors.sponsorshipbenefit", "pk": 39, "fields": {"order": 41, "name": "Single thank you tweet from @ThePSF Twitter account (on initial", "description": "", "program": 3, "minimum_level": 6, "internal_description": null, "internal_value": 500, "capacity": null, "levels": [6], "conflicts": [32, 36]}}, {"model": "sponsors.sponsorshipbenefit", "pk": 40, "fields": {"order": 33, "name": "Logo on high rotation in a prominent position on the PyPI projec", "description": "", "program": 3, "minimum_level": 3, "internal_description": null, "internal_value": 10000, "capacity": null, "levels": [3], "conflicts": [28, 41, 42]}}, {"model": "sponsors.sponsorshipbenefit", "pk": 41, "fields": {"order": 34, "name": "Logo on medium rotation in a prominent position on the PyPI proj", "description": "", "program": 3, "minimum_level": 4, "internal_description": null, "internal_value": 5000, "capacity": null, "levels": [4], "conflicts": [28, 40, 42]}}, {"model": "sponsors.sponsorshipbenefit", "pk": 42, "fields": {"order": 37, "name": "Logo on low rotation in a prominent position on the PyPI project", "description": "", "program": 3, "minimum_level": 5, "internal_description": null, "internal_value": 1000, "capacity": null, "levels": [5], "conflicts": [28, 40, 41]}}, {"model": "sponsors.sponsor", "pk": 4, "fields": {"created": "2014-02-20T00:39:19.959Z", "updated": "2014-02-20T00:41:17.426Z", "creator": 29, "last_modified_by": 29, "company": 3, "content": "", "content_markup_type": "restructuredtext", "is_published": true, "_content_rendered": "", "featured": false}}]